gameNum,player,points,s1v1,s1r1,s1v2,s1r2,s1v3,s1r3,s1tot,s2v1,s2r1,s2v2,s2r2,s2v3,s2r3,s2tot,stot
1,1,5,13.89,0.295,5.56,0.3233,5.56,0.3233,7.692646,11.11,0.295,8.33,0.3675,5.56,0.3233,8.136273,15.828919
1,2,9,11.11,0.3675,13.89,0.3233,8.33,0.3675,11.634837,8.33,0.295,11.11,0.31,5.56,0.3233,7.698998,19.333835
1,3,10,11.11,0.31,13.89,0.31,2.78,0.3675,8.77165,13.89,0.3233,8.33,0.31,5.56,0.3233,8.870485,17.642135
1,4,5,13.89,0.3233,11.11,0.295,5.56,0.295,9.408287,8.33,0.295,13.89,0.295,8.33,0.31,9.1372,18.545487
2,1,10,13.89,0.3675,11.11,0.3233,8.33,0.3233,11.389527,13.89,0.3675,8.33,0.295,0,20.295,7.561925,18.951452
2,2,6,11.11,0.3233,13.89,0.31,8.33,0.3233,10.590852,13.89,0.3675,8.33,0.295,5.56,0.3675,9.605225,20.196077
2,3,4,11.11,0.3233,13.89,0.3675,5.56,0.3233,10.493986,11.11,0.3233,11.11,0.3675,8.33,0.295,10.132138,20.626124
2,4,9,8.33,0.3233,11.11,0.3675,5.56,0.3233,8.573562,13.89,0.295,8.33,0.3233,5.56,0.31,8.514239,17.087801
3,1,5,11.11,0.295,8.33,0.295,8.33,0.3233,8.427889,13.89,0.3675,5.56,0.295,5.56,0.31,8.468375,16.896264
3,2,10,11.11,0.3675,13.89,0.3233,8.33,0.3233,11.266651,8.33,0.295,11.11,0.3675,5.56,0.31,8.263875,19.530526
3,3,7,13.89,0.31,11.11,0.3675,5.56,0.295,10.029025,13.89,0.3233,8.33,0.3233,0,0,7.183726,17.212751
3,4,7,11.11,0.295,13.89,0.3675,5.56,0.31,10.105625,13.89,0.3233,8.33,0.3233,5.56,0.295,8.823926,18.929551
4,1,7,11.11,0.3233,13.89,0.295,5.56,0.3233,9.486961,13.89,0.31,5.56,0.3233,0,0,6.103448,15.590409
4,2,10,13.89,0.3675,11.11,0.295,5.56,0.3233,10.179573,11.11,0.31,13.89,0.31,8.33,0.3233,10.443089,20.622662
4,3,9,11.11,0.295,8.33,0.3233,5.56,0.3233,7.768087,8.33,0.3675,13.89,0.31,8.33,0.3675,10.42845,18.196537
4,4,9,11.11,0.3233,11.11,0.31,8.33,0.3675,10.097238,13.89,0.31,8.33,0.295,5.56,0.3233,8.560798,18.658036
5,1,8,13.89,0.3675,11.11,0.31,8.33,0.3233,11.241764,13.89,0.31,8.33,0.295,0,0.31,6.76325,18.005014
5,2,10,11.11,0.3233,13.89,0.3675,5.56,0.3233,10.493986,11.11,0.31,11.11,0.295,8.33,0.295,9.1789,19.672886
5,3,3,13.89,0.3675,8.33,0.3233,5.56,0.31,9.521264,11.11,0.295,5.56,0.3233,0,0,5.074998,14.596262
5,4,7,11.11,0.3233,13.89,0.295,8.33,0.3233,10.382502,8.33,0.3233,11.11,0.295,2.78,0.3233,6.869313,17.251815
6,1,6,11.11,0.295,13.89,0.3675,8.33,0.3675,11.4433,13.89,0.31,5.56,0.3233,2.78,0.3233,7.002222,18.445522
6,2,6,11.11,0.295,13.89,0.31,5.56,0.3675,9.62665,13.89,0.3233,8.33,0.3233,0,0,7.183726,16.810376
6,3,6,13.89,0.31,11.11,0.31,8.33,0.3675,10.811275,8.33,0.295,11.11,0.3233,5.56,0.3675,8.092513,18.903788
6,4,10,11.11,0.3675,11.11,0.3233,8.33,0.3233,10.367877,13.89,0.31,8.33,0.295,5.56,0.3233,8.560798,18.928675
7,1,10,11.11,0.3233,13.89,0.3233,8.33,0.3675,11.143775,11.11,0.295,8.33,0.31,5.56,0.3675,7.90305,19.046825
7,2,6,8.33,0.3233,11.11,0.3233,5.56,0.3675,8.328252,13.89,0.31,11.11,0.295,5.56,0.3675,9.62665,17.954902
7,3,4,11.11,0.3233,13.89,0.31,11.11,0.3675,11.980688,13.89,0.3233,8.33,0.3233,5.56,0.3675,9.227026,21.207714
7,4,4,13.89,0.31,5.56,0.3675,5.56,0.295,7.9894,11.11,0.31,13.89,0.3233,8.33,0.31,10.517037,18.506437
8,1,8,8.33,0.295,13.89,0.3233,11.11,0.3675,11.030912,13.89,0.3233,8.33,0.295,5.56,0.31,8.671587,19.702499
8,2,11,11.11,0.3233,13.89,0.31,11.11,0.3675,11.980688,8.33,0.295,11.11,0.3233,5.56,0.31,7.772813,19.753501
8,3,7,11.11,0.3233,13.89,0.3233,8.33,0.3675,11.143775,8.33,0.3233,5.56,0.295,0,0.3233,4.333289,15.477064
8,4,6,11.11,0.3233,11.11,0.3675,8.33,0.31,10.257088,13.89,0.3675,8.33,0.3233,5.56,0.295,9.437864,19.694952
9,1,6,13.89,0.3233,8.33,0.295,5.56,0.3675,8.991287,11.11,0.3675,8.33,0.295,0,0,6.540275,15.531562
9,2,9,8.33,0.3233,13.89,0.295,8.33,0.31,9.372939,13.89,0.3233,8.33,0.295,5.56,0.3233,8.745535,18.118474
9,3,9,13.89,0.31,11.11,0.295,5.56,0.3675,9.62665,11.11,0.3233,11.11,0.3233,8.33,0.31,9.766026,19.392676
9,4,10,11.11,0.3233,13.89,0.3233,5.56,0.31,9.8061,11.11,0.295,8.33,0.295,2.78,0.3675,6.75645,16.56255
10,1,9,11.11,0.3675,13.89,0.3233,8.33,0.31,11.155862,8.33,0.31,11.11,0.295,5.56,0.295,7.49995,18.655812
10,2,9,13.89,0.3233,11.11,0.295,2.78,0.3233,8.666861,13.89,0.3233,11.11,0.3675,2.78,0.3675,9.595212,18.262073
10,3,10,13.89,0.3233,8.33,0.31,5.56,0.31,8.796537,11.11,0.3675,13.89,0.3233,5.56,0.295,10.213762,19.010299
10,4,9,11.11,0.3233,11.11,0.295,8.33,0.295,9.326663,13.89,0.3233,8.33,0.3675,5.56,0.31,9.275512,18.602175
11,1,6,11.11,0.3233,13.89,0.3675,8.33,0.295,11.153788,8.33,0.31,11.11,0.3233,5.56,0.31,7.897763,19.051551
11,2,5,13.89,0.3675,5.56,0.31,5.56,0.3233,8.625723,13.89,0.3675,8.33,0.3233,5.56,0.31,9.521264,18.146987
11,3,10,13.89,0.295,11.11,0.3233,5.56,0.295,9.329613,11.11,0.3233,11.11,0.3675,8.33,0.31,10.257088,19.586701
11,4,5,8.33,0.31,13.89,0.3675,8.33,0.31,10.269175,11.11,0.3233,8.33,0.295,2.78,0.3233,6.947987,17.217162
12,1,5,13.89,0.3233,5.56,0.3233,5.56,0.295,7.928385,5.56,0.3233,8.33,0.3233,5.56,0.3233,6.288185,14.21657
12,2,6,11.11,0.31,11.11,0.295,8.33,0.3233,9.414639,11.11,0.3675,8.33,0.3233,2.78,0.31,7.637814,17.052453
12,3,6,11.11,0.3233,13.89,0.3675,8.33,0.3233,11.389527,13.89,0.295,11.11,0.3675,5.56,0.3675,10.223775,21.613302
12,4,10,8.33,0.31,13.89,0.3675,8.33,0.3233,10.379964,11.11,0.31,13.89,0.3233,5.56,0.3233,9.732285,20.112249
13,1,6,11.11,0.3233,13.89,0.31,8.33,0.3675,10.959038,5.56,0.295,8.33,0.3233,5.56,0.31,6.056889,17.015927
13,2,6,13.89,0.3675,8.33,0.295,5.56,0.3233,9.359473,13.89,0.3675,8.33,0.3233,0,0,7.797664,17.157137
13,3,3,13.89,0.31,11.11,0.3675,8.33,0.3675,11.4501,5.56,0.295,5.56,0.3233,0,0,3.437748,14.887848
13,4,10,11.11,0.295,11.11,0.295,8.33,0.3233,9.247989,13.89,0.3675,8.33,0.3233,5.56,0.3233,9.595212,18.843201
14,1,4,11.11,0.3233,13.89,0.3675,8.33,0.3233,11.389527,13.89,0.3233,5.56,0.3675,5.56,0.3233,8.331485,19.721012
14,2,10,11.11,0.295,13.89,0.3233,5.56,0.31,9.491687,11.11,0.3675,8.33,0.3233,2.78,0.3233,7.674788,17.166475
14,3,5,13.89,0.31,11.11,0.3675,5.56,0.295,10.029025,13.89,0.3675,8.33,0.295,5.56,0.3675,9.605225,19.63425
14,4,8,11.11,0.295,11.11,0.295,8.33,0.3233,9.247989,8.33,0.31,13.89,0.31,8.33,0.3233,9.581289,18.829278
15,1,9,13.89,0.3675,8.33,0.3233,5.56,0.295,9.437864,8.33,0.3233,11.11,0.3675,5.56,0.295,8.416214,17.854078
15,2,8,11.11,0.295,13.89,0.3675,8.33,0.31,10.964325,13.89,0.3233,8.33,0.3233,5.56,0.31,8.907326,19.871651
15,3,6,11.11,0.3233,11.11,0.31,8.33,0.3675,10.097238,13.89,0.3233,2.78,0.3675,0,0.3233,5.512287,15.609525
15,4,10,13.89,0.3233,11.11,0.3675,5.56,0.31,10.297162,11.11,0.3233,13.89,0.31,5.56,0.295,9.537963,19.835125
16,1,7,11.11,0.31,13.89,0.295,11.11,0.3675,11.624575,13.89,0.3675,8.33,0.3233,0,0,7.797664,19.422239
16,2,10,11.11,0.31,13.89,0.3233,8.33,0.295,10.392087,13.89,0.295,5.56,0.3675,5.56,0.3233,7.938398,18.330485
16,3,7,11.11,0.3233,11.11,0.3233,8.33,0.3233,9.876815,13.89,0.295,5.56,0.31,2.78,0.31,6.68295,16.559765
16,4,7,13.89,0.3675,8.33,0.31,5.56,0.3675,9.730175,8.33,0.295,13.89,0.3233,11.11,0.3233,10.53985,20.270025
17,1,6,8.33,0.31,13.89,0.3233,5.56,0.3233,8.870485,13.89,0.3675,2.78,0.3675,0,0.3675,6.126225,14.99671
17,2,7,11.11,0.3675,13.89,0.3233,5.56,0.295,10.213762,11.11,0.31,8.33,0.3233,2.78,0.3675,7.158839,17.372601
17,3,5,8.33,0.31,13.89,0.295,8.33,0.3675,9.741125,13.89,0.3675,11.11,0.3233,5.56,0.3233,10.493986,20.235111
17,4,10,11.11,0.3675,11.11,0.31,8.33,0.3675,10.5883,11.11,0.3233,8.33,0.3233,5.56,0.295,7.925152,18.513452
18,1,6,8.33,0.3675,13.89,0.31,8.33,0.3233,10.060264,11.11,0.31,8.33,0.3233,2.78,0.3233,7.035963,17.096227
18,2,9,11.11,0.3233,13.89,0.3233,8.33,0.3233,10.775589,13.89,0.31,5.56,0.3675,5.56,0.295,7.9894,18.764989
18,3,6,13.89,0.3233,8.33,0.3675,0,0.31,7.551912,11.11,0.295,13.89,0.31,2.78,0.31,8.44515,15.997062
18,4,10,13.89,0.295,11.11,0.31,5.56,0.3675,9.58495,11.11,0.295,11.11,0.3233,8.33,0.3233,9.562402,19.147352
19,1,10,11.11,0.3233,11.11,0.3675,8.33,0.3675,10.736063,5.56,0.3233,8.33,0.295,5.56,0.3233,6.052446,16.788509
19,2,4,11.11,0.3233,13.89,0.31,8.33,0.295,10.355113,8.33,0.31,11.11,0.3675,5.56,0.3233,8.462773,18.817886
19,3,5,13.89,0.295,11.11,0.3675,5.56,0.3233,9.978023,13.89,0.31,8.33,0.295,5.56,0.3233,8.560798,18.538821
19,4,8,8.33,0.31,13.89,0.3675,8.33,0.3675,10.74815,11.11,0.3233,13.89,0.31,5.56,0.3233,9.695311,20.443461
20,1,6,8.33,0.3675,13.89,0.31,8.33,0.3233,10.060264,5.56,0.3675,8.33,0.295,5.56,0.31,6.22425,16.284514
20,2,10,13.89,0.295,11.11,0.3233,5.56,0.3233,9.486961,11.11,0.3675,13.89,0.31,5.56,0.31,10.112425,19.599386
20,3,7,13.89,0.295,8.33,0.3233,5.56,0.3675,8.833939,11.11,0.3233,8.33,0.295,2.78,0.3233,6.947987,15.781926
20,4,6,11.11,0.3675,13.89,0.295,8.33,0.295,10.637825,11.11,0.3675,11.11,0.3233,8.33,0.3233,10.367877,21.005702
21,1,8,11.11,0.3675,11.11,0.3233,8.33,0.3675,10.736063,5.56,0.31,11.11,0.3233,5.56,0.3233,7.113011,17.849074
21,2,7,13.89,0.295,8.33,0.295,5.56,0.31,8.2785,13.89,0.3233,2.78,0.31,0,0,5.352437,13.630937
21,3,10,11.11,0.3233,11.11,0.3233,8.33,0.295,9.641076,11.11,0.3675,13.89,0.3675,5.56,0.3233,10.985048,20.626124
21,4,6,13.89,0.3675,8.33,0.295,5.56,0.31,9.285525,13.89,0.3233,8.33,0.3675,5.56,0.31,9.275512,18.561037
22,1,9,13.89,0.3233,8.33,0.295,0,0,6.947987,11.11,0.295,11.11,0.3675,8.33,0.31,9.942675,16.890662
22,2,10,11.11,0.3233,13.89,0.3675,8.33,0.3233,11.389527,13.89,0.31,5.56,0.31,2.78,0.295,6.8496,18.239127
22,3,4,11.11,0.3233,13.89,0.31,5.56,0.3233,9.695311,13.89,0.3233,8.33,0.31,0,0.3233,7.072937,16.768248
22,4,6,13.89,0.3233,8.33,0.3675,5.56,0.3675,9.595212,13.89,0.31,11.11,0.295,8.33,0.3233,10.276439,19.871651
23,1,4,11.11,0.3233,13.89,0.3233,5.56,0.295,9.7227,11.11,0.3233,0,0.3233,0,0,3.591863,13.314563
23,2,7,11.11,0.3233,13.89,0.3233,8.33,0.3233,10.775589,8.33,0.295,11.11,0.3675,5.56,0.295,8.180475,18.956064
23,3,10,11.11,0.3233,11.11,0.295,8.33,0.3675,9.930588,13.89,0.3675,8.33,0.295,5.56,0.31,9.285525,19.216113
23,4,6,13.89,0.31,11.11,0.3675,5.56,0.31,10.112425,5.56,0.3233,8.33,0.31,5.56,0.295,6.020048,16.132473
24,1,10,13.89,0.3233,8.33,0.3233,5.56,0.31,8.907326,5.56,0.31,11.11,0.295,5.56,0.31,6.72465,15.631976
24,2,7,11.11,0.295,8.33,0.3233,2.78,0.3675,6.992189,13.89,0.3233,8.33,0.3233,5.56,0.295,8.823926,15.816115
24,3,9,13.89,0.3675,8.33,0.3233,5.56,0.3233,9.595212,11.11,0.295,13.89,0.3675,8.33,0.31,10.964325,20.559537
24,4,6,8.33,0.3233,11.11,0.295,5.56,0.31,7.694139,11.11,0.3675,11.11,0.295,8.33,0.3233,10.053464,17.747603
25,1,7,11.11,0.295,13.89,0.3675,8.33,0.3233,11.075114,8.33,0.31,11.11,0.3233,2.78,0.295,6.994263,18.069377
25,2,7,13.89,0.3675,8.33,0.31,5.56,0.3675,9.730175,13.89,0.295,8.33,0.3233,0,0,6.790639,16.520814
25,3,10,13.89,0.31,11.11,0.295,8.33,0.3233,10.276439,13.89,0.3675,5.56,0.3675,0,0,7.147875,17.424314
25,4,7,11.11,0.3233,11.11,0.3233,8.33,0.3233,9.876815,11.11,0.295,13.89,0.31,5.56,0.3233,9.380898,19.257713
26,1,10,13.89,0.3233,11.11,0.3233,5.56,0.295,9.7227,13.89,0.3675,8.33,0.3233,5.56,0.31,9.521264,19.243964
26,2,7,11.11,0.31,13.89,0.3233,11.11,0.3675,12.017662,11.11,0.295,13.89,0.3675,8.33,0.295,10.839375,22.857037
26,3,3,11.11,0.3233,8.33,0.295,5.56,0.3675,8.092513,13.89,0.3233,5.56,0.3233,2.78,0.3233,7.186959,15.279472
26,4,4,11.11,0.31,13.89,0.31,8.33,0.3675,10.811275,13.89,0.3233,2.78,0.295,0,0.31,5.310737,16.122012
27,1,7,13.89,0.3233,11.11,0.3675,5.56,0.3233,10.37111,8.33,0.31,11.11,0.3675,5.56,0.3233,8.462773,18.833883
27,2,7,13.89,0.3233,5.56,0.3675,5.56,0.295,8.174137,11.11,0.31,13.89,0.295,8.33,0.3233,10.234739,18.408876
27,3,10,8.33,0.31,13.89,0.3675,8.33,0.31,10.269175,11.11,0.3233,13.89,0.3233,5.56,0.3233,9.880048,20.149223
27,4,4,11.11,0.295,8.33,0.31,0,0.31,5.85975,13.89,0.295,8.33,0.3675,5.56,0.295,8.799025,14.658775
28,1,6,11.11,0.3233,13.89,0.3675,8.33,0.31,11.278738,11.11,0.295,8.33,0.3233,0,20.295,5.970539,17.249277
28,2,10,11.11,0.31,13.89,0.3233,11.11,0.295,11.212187,13.89,0.3675,8.33,0.295,5.56,0.3233,9.359473,20.57166
28,3,5,11.11,0.31,13.89,0.31,8.33,0.3233,10.443089,13.89,0.3233,5.56,0.3675,2.78,0.295,7.354037,17.797126
28,4,5,13.89,0.31,2.78,0.295,0,0.3675,5.126,8.33,0.3675,11.11,0.3675,5.56,0.3233,8.941748,14.067748
29,1,4,13.89,0.3233,8.33,0.3233,5.56,0.31,8.907326,11.11,0.3675,2.78,0.3675,0,0.3233,5.104575,14.011901
29,2,4,11.11,0.31,11.11,0.3675,8.33,0.3233,10.220114,8.33,0.295,11.11,0.295,5.56,0.295,7.375,17.595114
29,3,10,13.89,0.3233,8.33,0.3675,0,0.31,7.551912,11.11,0.31,13.89,0.31,5.56,0.295,9.3902,16.942112
29,4,5,13.89,0.3675,11.11,0.295,5.56,0.3233,10.179573,8.33,0.295,13.89,0.31,8.33,0.3233,9.456339,19.635912
30,1,9,8.33,0.3233,13.89,0.3675,8.33,0.3675,10.858939,11.11,0.3233,8.33,0.295,5.56,0.31,7.772813,18.631752
30,2,7,11.11,0.295,11.11,0.3233,8.33,0.3675,9.930588,13.89,0.31,5.56,0.295,5.56,0.31,7.6697,17.600288
30,3,10,8.33,0.3233,11.11,0.3233,5.56,0.31,8.008552,11.11,0.295,13.89,0.31,2.78,0.3675,8.605,16.613552
30,4,7,13.89,0.31,5.56,0.31,0,20.295,6.0295,13.89,0.3233,8.33,0.295,5.56,0.295,8.588187,14.617687
31,1,10,11.11,0.31,13.89,0.3233,11.11,0.31,11.378837,11.11,0.3675,13.89,0.3675,8.33,0.3675,12.248775,23.627612
31,2,8,13.89,0.3675,8.33,0.3233,5.56,0.295,9.437864,13.89,0.3233,11.11,0.3233,5.56,0.3233,9.880048,19.317912
31,3,6,8.33,0.3233,13.89,0.31,8.33,0.295,9.456339,11.11,0.3233,8.33,0.3675,2.78,0.31,7.514938,16.971277
31,4,5,13.89,0.3233,5.56,0.295,5.56,0.3675,8.174137,8.33,0.3233,11.11,0.3233,5.56,0.3675,8.328252,16.502389
32,1,7,13.89,0.3233,11.11,0.3233,8.33,0.3675,11.143775,8.33,0.3675,11.11,0.31,5.56,0.31,8.228975,19.37275
32,2,10,11.11,0.295,13.89,0.3233,5.56,0.31,9.491687,13.89,0.295,8.33,0.3675,5.56,0.31,8.882425,18.374112
32,3,7,13.89,0.3233,8.33,0.3675,5.56,0.3233,9.34946,11.11,0.3675,11.11,0.31,8.33,0.295,9.984375,19.333835
32,4,6,11.11,0.295,13.89,0.31,8.33,0.3675,10.644625,13.89,0.3233,8.33,0.295,0,0.3675,6.947987,17.592612
33,1,6,13.89,0.3233,11.11,0.3675,8.33,0.295,11.030912,13.89,0.3233,8.33,0.295,0,0.3233,6.947987,17.978899
33,2,6,11.11,0.295,11.11,0.3233,8.33,0.31,9.451613,13.89,0.3233,5.56,0.31,2.78,0.3675,7.235887,16.6875
33,3,6,11.11,0.3675,13.89,0.295,8.33,0.295,10.637825,13.89,0.3233,8.33,0.31,5.56,0.31,8.796537,19.434362
33,4,10,13.89,0.3233,8.33,0.31,0,0,7.072937,11.11,0.3675,13.89,0.3233,5.56,0.3233,10.37111,17.444047
34,1,5,13.89,0.3233,8.33,0.295,5.56,0.3233,8.745535,8.33,0.3675,5.56,0.31,0,0,4.784875,13.53041
34,2,6,13.89,0.3233,11.11,0.3675,8.33,0.31,11.155862,11.11,0.31,8.33,0.31,11.11,0.3675,10.109325,21.265187
34,3,7,11.11,0.295,13.89,0.3233,5.56,0.3233,9.565635,13.89,0.3675,8.33,0.31,5.56,0.295,9.327075,18.89271
34,4,10,11.11,0.295,13.89,0.3233,8.33,0.31,10.350387,8.33,0.295,11.11,0.3675,5.56,0.3233,8.337823,18.68821
35,1,5,11.11,0.295,11.11,0.3233,8.33,0.31,9.451613,13.89,0.295,5.56,0.3233,5.56,0.31,7.618698,17.070311
35,2,10,11.11,0.3233,13.89,0.3233,8.33,0.31,10.6648,13.89,0.3675,11.11,0.3675,5.56,0.3675,11.2308,21.8956
35,3,7,13.89,0.3233,8.33,0.295,5.56,0.3233,8.745535,11.11,0.3675,8.33,0.31,5.56,0.3675,8.708525,17.45406
35,4,8,8.33,0.3233,13.89,0.3233,8.33,0.31,9.766026,11.11,0.295,13.89,0.295,5.56,0.3675,9.4183,19.184326
36,1,4,11.11,0.3233,13.89,0.31,11.11,0.3675,11.980688,13.89,0.31,5.56,0.3675,5.56,0.295,7.9894,19.970088
36,2,10,11.11,0.3233,13.89,0.295,8.33,0.3675,10.750688,13.89,0.3233,8.33,0.295,5.56,0.3675,8.991287,19.741975
36,3,6,11.11,0.3233,13.89,0.3233,8.33,0.295,10.53985,11.11,0.3675,8.33,0.3233,0,0.3233,6.776014,17.315864
36,4,5,13.89,0.3233,11.11,0.31,5.56,0.31,9.658337,8.33,0.3675,11.11,0.31,5.56,0.3233,8.302923,17.96126
37,1,8,11.11,0.3233,11.11,0.3675,8.33,0.31,10.257088,5.56,0.3233,11.11,0.3675,5.56,0.3233,7.678021,17.935109
37,2,9,11.11,0.295,11.11,0.3233,8.33,0.3675,9.930588,11.11,0.295,13.89,0.3233,2.78,0.31,8.629887,18.560475
37,3,10,13.89,0.3233,8.33,0.31,5.56,0.3233,8.870485,8.33,0.3675,11.11,0.295,5.56,0.3233,8.136273,17.006758
37,4,8,13.89,0.3233,8.33,0.31,0,0,7.072937,8.33,0.3675,13.89,0.295,8.33,0.3675,10.2201,17.293037
38,1,6,11.11,0.3233,11.11,0.295,8.33,0.31,9.451613,13.89,0.31,8.33,0.3675,5.56,0.3233,9.164723,18.616336
38,2,9,11.11,0.295,13.89,0.31,8.33,0.3675,10.644625,13.89,0.3675,8.33,0.3675,5.56,0.3233,9.963398,20.608023
38,3,11,11.11,0.295,13.89,0.295,11.11,0.3233,10.966863,13.89,0.31,2.78,0.3233,0,20.295,5.204674,16.171537
38,4,7,13.89,0.31,11.11,0.295,8.33,0.3675,10.644625,13.89,0.295,5.56,0.3233,5.56,0.3233,7.692646,18.337271
39,1,7,11.11,0.3675,13.89,0.3233,8.33,0.3233,11.266651,13.89,0.3233,2.78,0.31,0,0,5.352437,16.619088
39,2,10,11.11,0.3675,13.89,0.3233,11.11,0.31,12.017662,13.89,0.295,8.33,0.31,5.56,0.3675,8.72315,20.740812
39,3,3,8.33,0.3675,11.11,0.3233,5.56,0.3675,8.696438,13.89,0.3233,5.56,0.3675,5.56,0.295,8.174137,16.870575
39,4,5,13.89,0.3233,11.11,0.3233,5.56,0.31,9.8061,11.11,0.3233,13.89,0.295,8.33,0.295,10.146763,19.952863
40,1,6,11.11,0.31,11.11,0.3233,8.33,0.295,9.493313,13.89,0.3233,2.78,0.31,0,0.3233,5.352437,14.84575
40,2,7,13.89,0.3233,8.33,0.3233,5.56,0.295,8.823926,13.89,0.3675,11.11,0.3675,8.33,0.3233,11.880589,20.704515
40,3,6,11.11,0.3233,8.33,0.3233,2.78,0.31,7.146752,5.56,0.3675,11.11,0.3233,5.56,0.295,7.275363,14.422115
40,4,10,13.89,0.3675,8.33,0.3233,5.56,0.3675,9.840964,11.11,0.295,13.89,0.3233,8.33,0.3233,10.461176,20.30214
41,1,6,13.89,0.295,11.11,0.295,5.56,0.3233,9.172548,13.89,0.3675,5.56,0.295,5.56,0.3233,8.542323,17.714871
41,2,4,11.11,0.3233,13.89,0.3675,11.11,0.31,12.140538,8.33,0.295,11.11,0.3233,5.56,0.3233,7.846761,19.987299
41,3,10,11.11,0.31,8.33,0.3233,0,0.31,6.137189,11.11,0.31,13.89,0.31,8.33,0.3675,10.811275,16.948464
41,4,8,11.11,0.3233,8.33,0.3233,0,0,6.284952,13.89,0.3675,8.33,0.295,5.56,0.3233,9.359473,15.644425
42,1,7,11.11,0.295,13.89,0.3675,5.56,0.3233,10.179573,11.11,0.3233,8.33,0.31,2.78,0.31,7.035963,17.215536
42,2,10,11.11,0.295,11.11,0.3233,8.33,0.3233,9.562402,13.89,0.3675,8.33,0.295,5.56,0.3233,9.359473,18.921875
42,3,6,11.11,0.295,11.11,0.31,8.33,0.3675,9.782825,5.56,0.3233,11.11,0.3233,5.56,0.3233,7.186959,16.969784
42,4,6,13.89,0.3675,8.33,0.3675,0,0,8.16585,13.89,0.3675,8.33,0.3233,0,0,7.797664,15.963514
43,1,10,8.33,0.3675,13.89,0.3233,8.33,0.295,10.009262,13.89,0.295,2.78,0.31,0,0,4.95935,14.968612
43,2,7,11.11,0.31,13.89,0.3675,8.33,0.31,11.130975,13.89,0.3675,8.33,0.3233,5.56,0.3233,9.595212,20.726187
43,3,8,11.11,0.3233,13.89,0.3675,5.56,0.3233,10.493986,11.11,0.3675,8.33,0.31,5.56,0.3233,8.462773,18.956759
43,4,2,13.89,0.3675,5.56,0.295,2.78,0.31,7.606575,13.89,0.295,11.11,0.3675,5.56,0.3233,9.978023,17.584598
44,1,8,11.11,0.3233,13.89,0.31,11.11,0.3675,11.980688,13.89,0.31,5.56,0.3233,5.56,0.3233,7.900996,19.881684
44,2,5,13.89,0.3233,8.33,0.295,5.56,0.3233,8.745535,11.11,0.295,8.33,0.3675,5.56,0.31,8.062325,16.80786
44,3,10,13.89,0.31,11.11,0.295,5.56,0.3233,9.380898,11.11,0.295,13.89,0.295,8.33,0.3675,10.436275,19.817173
44,4,9,13.89,0.295,8.33,0.3675,5.56,0.3233,8.956373,8.33,0.295,11.11,0.3233,5.56,0.31,7.772813,16.729186
45,1,7,11.11,0.31,13.89,0.295,8.33,0.3233,10.234739,11.11,0.3233,8.33,0.3233,2.78,0.295,7.105052,17.339791
45,2,10,11.11,0.31,13.89,0.3233,8.33,0.3675,10.996012,8.33,0.3233,11.11,0.3233,5.56,0.295,7.925152,18.921164
45,3,6,13.89,0.3233,8.33,0.3233,5.56,0.31,8.907326,13.89,0.3675,5.56,0.31,5.56,0.3675,8.871475,17.778801
45,4,6,11.11,0.31,13.89,0.3675,11.11,0.3675,12.6316,13.89,0.295,8.33,0.3233,5.56,0.31,8.514239,21.145839
46,1,5,11.11,0.3233,13.89,0.3675,8.33,0.3675,11.757713,13.89,0.3233,8.33,0.31,0,0,7.072937,18.83065
46,2,6,11.11,0.3233,11.11,0.3675,8.33,0.3233,10.367877,13.89,0.295,5.56,0.31,0,0,5.82115,16.189027
46,3,10,8.33,0.3233,11.11,0.3675,5.56,0.31,8.499614,11.11,0.31,8.33,0.3675,0,0.31,6.505375,15.004989
46,4,8,13.89,0.295,8.33,0.3233,5.56,0.31,8.514239,13.89,0.295,8.33,0.31,5.56,0.3233,8.477398,16.991637
47,1,5,11.11,0.3233,11.11,0.3675,8.33,0.3233,10.367877,13.89,0.3675,8.33,0.3233,0,0.3233,7.797664,18.165541
47,2,12,13.89,0.3233,8.33,0.3233,0,0,7.183726,13.89,0.3675,8.33,0.295,5.56,0.31,9.285525,16.469251
47,3,6,11.11,0.3233,13.89,0.295,5.56,0.31,9.413013,8.33,0.295,11.11,0.3675,2.78,0.3233,7.439049,16.852062
47,4,6,11.11,0.3675,11.11,0.3675,8.33,0.295,10.6232,13.89,0.295,8.33,0.3233,5.56,0.31,8.514239,19.137439
48,1,11,11.11,0.3675,13.89,0.3233,8.33,0.3233,11.266651,13.89,0.31,8.33,0.31,5.56,0.3233,8.685748,19.952399
48,2,9,11.11,0.31,13.89,0.3675,11.11,0.3675,12.6316,13.89,0.3675,5.56,0.3233,5.56,0.295,8.542323,21.173923
48,3,6,11.11,0.3233,8.33,0.3233,5.56,0.3675,8.328252,11.11,0.31,13.89,0.31,8.33,0.295,10.20735,18.535602
48,4,7,8.33,0.31,11.11,0.31,5.56,0.3675,8.0697,13.89,0.295,11.11,0.3233,2.78,0.295,8.509513,16.579213
49,1,4,13.89,0.3233,11.11,0.295,5.56,0.3233,9.565635,13.89,0.3233,5.56,0.3233,5.56,0.31,8.011785,17.57742
49,2,10,11.11,0.3233,13.89,0.3233,11.11,0.3675,12.165425,11.11,0.295,13.89,0.31,8.33,0.31,10.16565,22.331075
49,3,4,13.89,0.3675,8.33,0.295,5.56,0.3233,9.359473,11.11,0.3675,8.33,0.3675,0,0.3675,7.1442,16.503673
49,4,5,13.89,0.31,8.33,0.3675,5.56,0.3233,9.164723,8.33,0.295,11.11,0.3233,5.56,0.31,7.772813,16.937536
50,1,5,13.89,0.3233,11.11,0.3675,8.33,0.295,11.030912,11.11,0.3233,13.89,0.3233,5.56,0.3233,9.880048,20.91096
50,2,10,13.89,0.295,8.33,0.3233,5.56,0.3675,8.833939,8.33,0.31,11.11,0.3233,5.56,0.3233,7.971711,16.80565
50,3,4,11.11,0.3233,13.89,0.295,8.33,0.295,10.146763,11.11,0.31,11.11,0.3233,2.78,0.31,7.897763,18.044526
50,4,8,5.56,0.3675,11.11,0.3233,8.33,0.31,8.217463,5.56,0.295,8.33,0.31,11.11,0.3233,7.814363,16.031826
